{
    "Logistic Regression": {
        "accuracy": 0.7909090909090909,
        "precision": 0.5,
        "recall": 0.043478260869565216,
        "f1_score": 0.08
    },
    "SVC": {
        "accuracy": 0.8181818181818182,
        "precision": 0.6666666666666666,
        "recall": 0.2608695652173913,
        "f1_score": 0.375
    },
    "Random Forest": {
        "accuracy": 0.8181818181818182,
        "precision": 0.6363636363636364,
        "recall": 0.30434782608695654,
        "f1_score": 0.4117647058823529
    },
    "Gaussian Naive Bayes": {
        "accuracy": 0.8090909090909091,
        "precision": 0.5454545454545454,
        "recall": 0.5217391304347826,
        "f1_score": 0.5333333333333333
    }
}